budget_pct,task,samples,baseline_accuracy_pct,optimized_accuracy_pct,baseline_mean_ms,optimized_mean_ms,reduction_pct,baseline_p95_ms,optimized_p95_ms,exact,baseline_mean_first_token_ready_ms,optimized_mean_first_token_ready_ms,baseline_mean_response_ready_ms,optimized_mean_response_ready_ms,baseline_mean_evaluation_ready_ms,optimized_mean_evaluation_ready_ms,baseline_mean_prefetch_wait_ms,optimized_mean_prefetch_wait_ms,baseline_mean_cache_update_ms,optimized_mean_cache_update_ms,baseline_mean_selector_compute_ms,optimized_mean_selector_compute_ms,baseline_mean_selector_wait_ms,optimized_mean_selector_wait_ms,baseline_mean_physical_prefetch_kv_bytes,optimized_mean_physical_prefetch_kv_bytes,baseline_mean_read_amplification,optimized_mean_read_amplification
5,sst2,867,92.50288350634371,92.50288350634371,106.30273293838606,107.40557847817932,-1.0374573722695235,116.05706496629864,118.61162399873137,True,106.42306027813646,107.52499081981782,106.51241024825056,107.61228587581522,106.82354558924172,107.92679603468314,5.318761261818112,5.665937446126545,6.342735691366646,5.982846977144067,18.706812425283445,18.903375445707187,0.3861738837484137,0.3903084002207479,11237999.612456748,11237992.525951557,1.0651950808670307,1.0651944092428824
5,subj,998,54.208416833667336,54.208416833667336,135.34575339860726,128.80982473429165,4.829060757500548,166.86370794195682,152.87228499073535,True,135.47801069695063,128.93412961159834,135.57330117876342,129.02504648886833,164.7864773542665,156.6657488969694,13.495896822065562,13.001222507318927,7.862704473114638,6.975365192806703,31.131911768511735,27.363602325016025,0.4329673288238864,0.41431022172454063,13271573.547094189,13270096.032064129,1.0649652054823577,1.0648466384616497
5,trec,495,42.22222222222222,42.22222222222222,142.89041906712822,141.27226782482907,1.1324420859448625,169.80094101745635,171.00283701438457,True,143.02536725405264,141.39977400238163,143.1190531893699,141.49049137356795,230.86471981980432,224.99334606920567,19.104095883291176,20.204351737982396,7.355193542833957,6.6275606341095585,34.94692779514525,31.635086482281636,0.44667176582446,0.4324963814908206,14822654.44848485,14821131.894949496,1.0618580167875984,1.0617489448475355
5,rte,272,88.60294117647058,88.60294117647058,151.4469221690567,174.53064134272554,-15.242118389108628,186.59977393690497,208.56133906636387,True,151.57217897906187,174.67851374385646,151.6652584571549,174.78348370401793,279.14218180804335,328.3370550313574,17.268255269514423,16.508997273323235,11.085195273421157,11.933609131922234,34.8979329215123,48.17922786716372,0.41304445767309517,0.48716963732765767,18048700.23529412,18048700.23529412,1.0648649323053971,1.0648649323053971
10,sst2,867,93.31026528258363,93.31026528258363,142.15262643141605,157.35132800578435,-10.691819036984995,175.16457894816995,177.9167311033234,True,142.2866195727101,157.50354150016904,142.38746824079206,157.60982896076706,142.73305495192793,157.9907812919863,10.780966389256141,9.232207031967816,9.985652158327934,11.207331190151061,29.500050427480208,37.72577193628936,0.44149961032514756,0.4980506152806174,22832582.71741638,22832915.78316032,1.0641087342716702,1.0641241935308963
10,subj,998,52.605210420841686,52.605210420841686,151.93643091017387,166.9307851154667,-9.868834035042994,178.9584329817444,201.526343007572,True,152.06009065377748,167.0700219883966,152.14818948786518,167.16916246768014,179.80837790138705,197.86590418509135,18.226646336928415,18.049570544714292,10.780310432075753,11.84836088505691,32.60586483784875,39.62827710288097,0.41673918530430815,0.4638446258606841,26597724.85771543,26661750.509018037,1.0596567580714074,1.0622075515643998
10,trec,495,66.06060606060606,66.06060606060606,191.3807902257005,176.83788690871248,7.598935765620574,218.31152599770576,206.39596006367356,True,191.5356798205675,176.98369630438398,191.64808434010908,177.09030045638556,292.82485579088745,273.5168686837447,27.133416078721332,24.615769007835876,15.056583308849973,13.073627631687982,48.27297826976036,42.772633819451386,0.5156066877805073,0.49760251498846997,29858333.995959595,29777771.054545455,1.0620093711002825,1.0591438864166132
10,rte,272,85.29411764705883,85.29411764705883,202.34560790541923,202.25105305743296,0.04672937997768356,250.03869400825351,244.06769289635122,True,202.4759878494318,202.3837525750209,202.57527481675532,202.47555867835592,332.5210675714462,336.0534283912035,32.56588826993453,29.62305323094102,17.923205282439834,17.4964970574365,41.319474943865586,42.69103550326134,0.4507486116969684,0.44747348104411844,36298390.5882353,36338507.294117644,1.0607986311594308,1.061971017758313
25,sst2,867,93.6562860438293,93.6562860438293,251.6357398721107,238.7105569563271,5.136465480759044,287.5983910635114,269.40941100474447,True,251.788262885833,238.85843620166685,251.89641469927352,238.96325787439653,252.28184421606912,239.3365751386909,26.4579229935791,25.916086947019057,29.88663215658519,27.933349668809925,57.79894761052391,53.659141630820514,0.5179718832325324,0.5080409747072535,56828605.56401384,56822553.68858132,1.050296171440436,1.0501844666326035
25,subj,998,54.809619238476955,54.809619238476955,238.52588953697617,244.6726822314825,-2.576991833648923,305.0096509978175,284.610684029758,True,238.65943641671518,244.82166720064308,238.75488704238424,244.9249476597986,268.9664875171642,278.18047013453383,34.437577895850936,27.805177785921842,27.650956645372784,29.36128111062049,42.46653884710867,50.94047528245992,0.46565703079962956,0.5053806119600315,65798636.50501002,66025352.977955915,1.0431246909403211,1.0467188923301158
25,trec,495,68.48484848484848,68.48484848484848,269.6368963109574,287.86985062349663,-6.762039825407329,337.1721979929134,341.1748049547896,True,269.76770972198045,288.01818605620565,269.8628218202485,288.1248383368883,355.6795609733936,384.4546824169223,45.59307889824714,43.1739049897802,32.29332598787027,36.45893721206283,57.60503157094836,67.40511099702556,0.4585722835282936,0.5146914013576779,73642339.81414141,73968629.65656565,1.0423867618672835,1.0470053034988087
25,rte,272,87.5,87.5,277.2969292619724,281.29850977668815,-1.4430670131710288,314.26722393371165,353.26964303385466,True,277.4270788076512,281.43798983108036,277.5263117176056,281.5369717204971,414.1468168274835,425.5255034076981,58.11011610314702,44.735003469909046,34.49091406090541,36.45909816302318,49.25214045430424,59.814819556390454,0.44447875338579146,0.4789544965366504,88849829.64705883,89137754.35294117,1.033634467796458,1.0369840397800214
50,sst2,867,93.88696655132641,93.88696655132641,331.69166749287416,275.49349222637846,16.942896302242204,411.9308079825714,292.7210059715435,True,331.82639156784023,275.61770303423526,331.9231957526697,275.7079310792003,332.2808954271519,276.05338697617117,67.58512671370352,33.28373815382013,46.17086635239749,41.33984954791915,63.02018655247926,64.1062488837593,0.46515534430497346,0.44026813776508367,112320991.52018455,112297521.01499423,1.0314309068493792,1.0312153710578853
50,subj,998,84.5691382765531,84.5691382765531,375.05441544428635,317.13920828309153,15.441814514458907,463.87231396511197,371.2796769104898,True,375.19352443101917,317.2705259845071,375.29424975034993,317.3629503924855,407.3939961364926,348.8114817006857,84.59620298488805,48.79701259837137,56.10757130597119,53.192179568297604,66.85091644240346,61.42864202586598,0.4725924433854769,0.46233826152185253,129921475.46292585,129704018.08416833,1.0279722005587548,1.0262516217293296
50,trec,495,62.42424242424243,62.42424242424243,409.6867878192264,390.07335016315784,4.787422547959485,521.7466519679874,479.6726800268516,True,409.8320107439044,390.22191717463426,409.9332807696133,390.32569541760506,506.7211980985553,488.18196167209834,79.593834027441,57.33731032179838,57.103900876216066,63.780633801114604,90.10398066175745,100.68657031343177,0.48999763517217204,0.5012942482764372,145019715.74949494,145292914.8121212,1.0246933329591332,1.0266237274340997
50,rte,272,89.33823529411765,89.33823529411765,698.855249227028,679.7364764489056,2.7357271479707457,909.2600439907983,891.8735469924286,True,699.0056361879824,679.8985364251113,699.1137448563035,680.0077136118916,853.6503567293574,842.350657485333,339.99381241215707,293.5488519728738,72.695284292636,95.84266978644712,85.0040267608197,111.89890314674224,0.4880541720708339,0.5298079280799035,174660547.7647059,175195316.70588234,1.0142651466180872,1.017370584597475
